<SyntaxLanguage Key="JScript" LanguageDefinitionVersion="4.0" Secure="True" 
				SyntaxLanguageTypeName="CodeHighlighterTest.JScriptDynamicSyntaxLanguage, CodeHighlighterTest" 
				xmlns="http://ActiproSoftware/SyntaxEditor/4.0/LanguageDefinition">

	<!-- String Properties -->
	<Properties>
		<Property Key="Creator" Value="Actipro Software LLC" />
		<Property Key="Copyright" Value="Copyright (c) 2001-2006 Actipro Software LLC.  All rights reserved." />
	</Properties>

	<!-- Triggers -->
	<Triggers>
		<KeyPressTrigger Key="MemberListTrigger" Character=".">
			<KeyPressTriggerValidStates>
				<KeyPressTriggerValidState State="DefaultState" />
			</KeyPressTriggerValidStates>
		</KeyPressTrigger>
	</Triggers>

	<!-- Highlighting Styles -->	
	<Styles>
		<Style Key="ReservedWordStyle" ForeColor="Blue" />
		<Style Key="NativeTypeStyle" ForeColor="Blue" />
		<Style Key="OperatorStyle" ForeColor="Black" />
		<Style Key="NumberStyle" ForeColor="Black" />
		<Style Key="StringDelimiterStyle" ForeColor="Black" />
		<Style Key="StringDefaultStyle" ForeColor="Black" />
		<Style Key="CommentDelimiterStyle" ForeColor="Green" />
		<Style Key="CommentDefaultStyle" ForeColor="Green" />
	</Styles>
	
	<!-- States -->
	<States>
		<!-- Code -->
		<State Key="DefaultState">
			<!-- Patterns Groups -->
			<PatternGroups>
				<!-- Whitespace -->
				<RegexPatternGroup TokenKey="WhitespaceToken" PatternValue="{WhitespaceMacro} +" IsWhitespace="True" />
				<!-- Line Terminators -->
				<RegexPatternGroup TokenKey="LineTerminatorToken" PatternValue="{LineTerminatorMacro} " IsWhitespace="True" />
				<!-- Brackets -->
				<ExplicitPatternGroup Key="OpenParenthesisPatternGroup" TokenKey="OpenParenthesisToken" PatternValue="(" EndBracket="CloseParenthesisPatternGroup" />
				<ExplicitPatternGroup Key="CloseParenthesisPatternGroup" TokenKey="CloseParenthesisToken" PatternValue=")" StartBracket="OpenParenthesisPatternGroup" />
				<ExplicitPatternGroup Key="OpenCurlyBracePatternGroup" TokenKey="OpenCurlyBraceToken" PatternValue="{" EndBracket="CloseCurlyBracePatternGroup" />
				<ExplicitPatternGroup Key="CloseCurlyBracePatternGroup" TokenKey="CloseCurlyBraceToken" PatternValue="} " StartBracket="OpenCurlyBracePatternGroup" />
				<ExplicitPatternGroup Key="OpenSquareBracePatternGroup" TokenKey="OpenSquareBraceToken" PatternValue="[" EndBracket="CloseSquareBracePatternGroup" />
				<ExplicitPatternGroup Key="CloseSquareBracePatternGroup" TokenKey="CloseSquareBraceToken" PatternValue="]" StartBracket="OpenSquareBracePatternGroup" />
				<!-- Punctuation -->
				<ExplicitPatternGroup TokenKey="PunctuationToken">
					<ExplicitPatterns>
						. , : ;
					</ExplicitPatterns>
				</ExplicitPatternGroup>
				<!-- Native Types -->
				<ExplicitPatternGroup TokenKey="NativeTypeToken" Style="NativeTypeStyle" LookAhead="{NonWordMacro} |\z" CaseSensitivity="Sensitive">
					<ExplicitPatterns>
						byte short int long float double boolean char
					</ExplicitPatterns>
				</ExplicitPatternGroup>
				<!-- Null -->
				<ExplicitPatternGroup TokenKey="NullToken" Style="ReservedWordStyle" PatternValue="null" LookAhead="{NonWordMacro} |\z" CaseSensitivity="Sensitive" />
				<!-- Reserved Words -->
				<ExplicitPatternGroup TokenKey="ReservedWordToken" Style="ReservedWordStyle" LookAhead="{NonWordMacro} |\z" CaseSensitivity="Sensitive">
					<ExplicitPatterns>
						break case catch continue debugger default delete do else finally for function if in
						instanceof new return switch this throw try typeof var void while with
					</ExplicitPatterns>
				</ExplicitPatternGroup>
				<!-- Booleans -->
				<ExplicitPatternGroup TokenKey="BooleanToken" Style="ReservedWordStyle" LookAhead="{NonWordMacro} |\z" CaseSensitivity="Sensitive">
					<ExplicitPatterns>
						false true
					</ExplicitPatterns>
				</ExplicitPatternGroup>
				<!-- Identifier -->
				<RegexPatternGroup TokenKey="IdentifierToken" PatternValue="(_ | {AlphaMacro} )({WordMacro} )*" />
				<!-- Operators -->
				<ExplicitPatternGroup TokenKey="OperatorToken" Style="OperatorStyle">
					<ExplicitPatterns>
						=== !==
						== != 
						= !
						++ -- 
						+= -= *= /= %=
						+ - * / % 
						&amp;&amp; || 
						&amp;= |= ^=
						&amp; | ~ ^ 
						&lt;&lt;= &gt;&gt;&gt;= &gt;&gt;= 
						&lt;&lt; &gt;&gt;&gt; &gt;&gt; 
						&lt;= &lt; &gt;= &gt;  
						? 
					</ExplicitPatterns>
				</ExplicitPatternGroup>
				<!-- Numbers -->
				<RegexPatternGroup TokenKey="RealNumberToken" Style="NumberStyle" LookAhead="{NonWordMacro} |\z">
					<RegexPattern Value="{DigitMacro} * \. {DigitMacro} + ([Ee] [\+\-]? {DigitMacro} +)?" />
					<RegexPattern Value="{DigitMacro} + [Ee] [\+\-]? {DigitMacro} +" />
				</RegexPatternGroup>
				<RegexPatternGroup TokenKey="IntegerNumberToken" Style="NumberStyle" PatternValue="{DigitMacro} +" LookAhead="{NonWordMacro} |\z" />
				<RegexPatternGroup TokenKey="HexIntegerNumberToken" Style="NumberStyle" PatternValue="0 [xX] {HexDigitMacro} +" LookAhead="{NonWordMacro} |\z" />
			</PatternGroups>
			<!-- Child States -->
			<ChildStates>
				<ChildState Key="SingleQuoteStringState" />
				<ChildState Key="DoubleQuoteStringState" />
				<ChildState Key="MultiLineCommentState" />
				<ChildState Key="CommentState" />
			</ChildStates>
		</State>
		
		<!-- Single-Quote Strings -->
		<State Key="SingleQuoteStringState" TokenKey="SingleQuoteStringDefaultToken" Style="StringDefaultStyle">
			<!-- Scopes -->
			<Scopes>
				<Scope>
					<ExplicitPatternGroup Type="StartScope" TokenKey="SingleQuoteStringStartToken" Style="StringDelimiterStyle" PatternValue="'" />
					<ExplicitPatternGroup Type="EndScope" TokenKey="SingleQuoteStringEndToken" Style="StringDelimiterStyle" PatternValue="'" />	
				</Scope>
			</Scopes>
			<!-- Patterns Groups -->
			<PatternGroups>
				<RegexPatternGroup TokenKey="SingleQuoteStringEscapedCharacterToken" PatternValue="\\." />
				<RegexPatternGroup TokenKey="SingleQuoteStringDefaultToken" PatternValue="[^\\\']+" />
			</PatternGroups>
		</State>
		
		<!-- Double-Quote Strings -->
		<State Key="DoubleQuoteStringState" TokenKey="DoubleQuoteStringDefaultToken" Style="StringDefaultStyle">
			<!-- Scopes -->
			<Scopes>
				<Scope>
					<ExplicitPatternGroup Type="StartScope" TokenKey="DoubleQuoteStringStartToken" Style="StringDelimiterStyle" PatternValue="&quot;" />
					<ExplicitPatternGroup Type="EndScope" TokenKey="DoubleQuoteStringEndToken" Style="StringDelimiterStyle" PatternValue="&quot;" />	
				</Scope>
			</Scopes>
			<!-- Patterns Groups -->
			<PatternGroups>
				<RegexPatternGroup TokenKey="DoubleQuoteStringEscapedCharacterToken" PatternValue="\\." />
				<RegexPatternGroup TokenKey="DoubleQuoteStringDefaultToken" PatternValue="[^\\\&quot;]+" />
			</PatternGroups>
		</State>
		
		<!-- Comments -->
		<State Key="CommentState" TokenKey="CommentDefaultToken" Style="CommentDefaultStyle">
			<!-- Scopes -->
			<Scopes>
				<Scope>
					<ExplicitPatternGroup Type="StartScope" TokenKey="CommentStartToken" Style="CommentDelimiterStyle" PatternValue="//" />
					<RegexPatternGroup Type="EndScope" TokenKey="CommentEndToken" Style="CommentDelimiterStyle" PatternValue="{LineTerminatorMacro} " IsWhitespace="True" />	
				</Scope>
			</Scopes>
			<!-- Patterns Groups -->
			<PatternGroups>
				<RegexPatternGroup TokenKey="CommentDefaultToken" PatternValue="{NonLineTerminatorMacro} +" />
			</PatternGroups>
		</State>
		
		<!-- MultiLine Comments -->
		<State Key="MultiLineCommentState" TokenKey="MultiLineCommentDefaultToken" Style="CommentDefaultStyle">
			<!-- Scopes -->
			<Scopes>
				<Scope BracketHighlight="True">
					<ExplicitPatternGroup Type="StartScope" TokenKey="MultiLineCommentStartToken" Style="CommentDelimiterStyle" PatternValue="/*" />
					<ExplicitPatternGroup Type="EndScope" TokenKey="MultiLineCommentEndToken" Style="CommentDelimiterStyle" PatternValue="*/" />	
				</Scope>
			</Scopes>
			<!-- Patterns Groups -->
			<PatternGroups>
				<RegexPatternGroup TokenKey="MultiLineCommentDefaultToken" PatternValue="[^\*&lt;]+" />
			</PatternGroups>
		</State>
	</States>

	<!-- Example Text -->
	<ExampleText>
		<![CDATA[
/* Comment */
var sampleString = "Number:";
function foo() {
	// Write a paragraph
	document.write("<P>" + sampleString);
	document.write(7);
	document.write("</P>" + sampleString);
} 
		]]>
	</ExampleText>
		
</SyntaxLanguage>
